"brandName","legalEntityName","slug","supplierType","province","city","website","summary","internalScore","services","destinations","licenseStatus","riskFlags","sourceUrls","researchDate"
"中旅总社 CITS","中国旅游集团旅行服务有限公司","cits-china-travel-service","NATIONAL","北京","北京","https://www.cits.cn/","中国旅游集团旗下旅行服务品牌，公开业务覆盖国内、出境、入境和定制等方向；集团品牌与具体签约主体需分开核验。","78","DOMESTIC|OUTBOUND|INBOUND|CUSTOM|MICE|VISA|HOTEL|TRANSPORT","全国|亚洲|欧洲|北美","UNVERIFIED","LICENSE_NOT_VERIFIED|BRAND_ENTITY_REVIEW","https://www.cits.cn/","2026-08-15"
"中青旅 CYTS","中青旅控股股份有限公司","cyts-holding","NATIONAL","北京","北京","https://www.cyts.com/","上市旅游集团，公开业务包含旅行社、会奖和目的地服务；采购合作主体需按实际法人确认。","76","DOMESTIC|INBOUND|CUSTOM|MICE|STUDY|HOTEL|TICKET","全国|欧洲|亚洲","UNVERIFIED","LICENSE_NOT_VERIFIED|BRAND_ENTITY_REVIEW","https://www.cyts.com/","2026-08-15"
"康辉旅游","中国康辉旅游集团有限公司","china-comfort-travel","NATIONAL","北京","北京","https://www.cct.cn/","全国性旅行服务品牌，公开提供国内、出境、定制及目的地产品；各地门店法人不同。","75","DOMESTIC|OUTBOUND|INBOUND|CUSTOM|STUDY|CRUISE|VISA|HOTEL","全国|东南亚|欧洲|日本韩国","UNVERIFIED","LICENSE_NOT_VERIFIED|BRANCH_ENTITY_REVIEW","https://www.cct.cn/","2026-08-15"
"众信旅游 U-Tour","北京众信国际旅行社股份有限公司","utour-international","NATIONAL","北京","北京","https://www.utourworld.com/","公开以出境旅游、定制、邮轮和目的地服务为重点，适合核查出境及团队合作能力。","74","OUTBOUND|CUSTOM|MICE|CRUISE|VISA|HOTEL|GUIDE","欧洲|日本韩国|东南亚|澳新","UNVERIFIED","OUTBOUND_LICENSE_NOT_VERIFIED|LICENSE_NOT_VERIFIED","https://www.utourworld.com/","2026-08-15"
"广之旅 GZL","广州广之旅国际旅行社股份有限公司","gzl-international-travel","NATIONAL","广东","广州","https://www.gzl.com.cn/","广东大型旅行社品牌，公开覆盖国内、出境、研学、邮轮、定制与会奖等产品。","82","DOMESTIC|OUTBOUND|INBOUND|CUSTOM|MICE|STUDY|CRUISE|VISA|CHARTER","广东|全国|东南亚|欧洲|日本韩国","UNVERIFIED","LICENSE_NOT_VERIFIED","https://www.gzl.com.cn/","2026-08-15"
"春秋旅游","上海春秋国际旅行社（集团）有限公司","spring-tour-group","NATIONAL","上海","上海","https://www.springtour.com/","公开提供国内、出境、邮轮、定制及团队旅游，航旅资源协同能力较强。","78","DOMESTIC|OUTBOUND|CUSTOM|MICE|CRUISE|VISA|HOTEL|TRANSPORT","全国|日本韩国|东南亚|欧洲","UNVERIFIED","LICENSE_NOT_VERIFIED|BRANCH_ENTITY_REVIEW","https://www.springtour.com/","2026-08-15"
"凯撒旅游","凯撒同盛旅行社（集团）有限公司","caissa-tourism","NATIONAL","北京","北京","https://www.caissa.com.cn/","公开业务包括出境、定制、邮轮、会奖和目的地服务；经营状态与具体签约主体需核查。","64","OUTBOUND|CUSTOM|MICE|CRUISE|VISA|HOTEL","欧洲|澳新|东南亚","UNVERIFIED","LICENSE_NOT_VERIFIED|BUSINESS_STATUS_REVIEW","https://www.caissa.com.cn/","2026-08-15"
"携程旅行社","上海携程国际旅行社有限公司","ctrip-international-travel","NATIONAL","上海","上海","https://vacations.ctrip.com/","携程品牌下的旅行社经营主体候选，公开提供跟团、定制和目的地产品；不能以平台品牌替代法人。","73","DOMESTIC|OUTBOUND|INBOUND|CUSTOM|HOTEL|TICKET|TRANSPORT","全国|亚洲|欧洲","UNVERIFIED","BRAND_ENTITY_REVIEW|LICENSE_NOT_VERIFIED","https://vacations.ctrip.com/","2026-08-15"
"同程旅行","同程国际旅行社有限公司","ly-international-travel","NATIONAL","江苏","苏州","https://www.ly.com/","同程品牌下的旅行服务候选，公开提供跟团、定制、酒店和交通组合产品。","70","DOMESTIC|OUTBOUND|CUSTOM|HOTEL|TICKET|TRANSPORT","全国|东南亚|日本韩国","UNVERIFIED","BRAND_ENTITY_REVIEW|LICENSE_NOT_VERIFIED","https://www.ly.com/","2026-08-15"
"浙江中旅","浙江省中国旅行社集团有限公司","zhejiang-cts-group","NATIONAL","浙江","杭州","https://www.zjcts.com/","区域大型旅行服务集团，公开提供国内、出境、入境、会奖与定制服务。","72","DOMESTIC|OUTBOUND|INBOUND|CUSTOM|MICE|VISA|HOTEL","浙江|全国|东南亚|欧洲","UNVERIFIED","LICENSE_NOT_VERIFIED","https://www.zjcts.com/","2026-08-15"
"广东中旅","广东省中国旅行社股份有限公司","guangdong-cts","NATIONAL","广东","广州","https://www.gdcts.com/","广东省内综合旅行服务机构候选，适合核查大湾区团队、港澳和出境资源。","76","DOMESTIC|OUTBOUND|INBOUND|CUSTOM|MICE|VISA|HOTEL|CHARTER","广东|港澳|全国|东南亚","UNVERIFIED","LICENSE_NOT_VERIFIED|BRANCH_ENTITY_REVIEW","https://www.gdcts.com/","2026-08-15"
"锦江旅游","上海锦江旅游控股有限公司","jinjiang-tourism","NATIONAL","上海","上海","https://www.jinjiang.com/","锦江体系旅游服务候选，公开覆盖酒店、团队和目的地资源；旅游社经营主体需进一步拆分。","66","DOMESTIC|INBOUND|CUSTOM|MICE|HOTEL|TRANSPORT","全国|亚洲","UNVERIFIED","BRAND_ENTITY_REVIEW|LICENSE_NOT_VERIFIED","https://www.jinjiang.com/","2026-08-15"
"东莞青旅","东莞市青年国际旅行社有限公司","dongguan-youth-travel","GBA_LOCAL","广东","东莞","https://www.dg.gov.cn/","东莞本地旅行社候选，重点核查学生周边游、班级团和省内短途承接能力。","69","DOMESTIC|LOCAL|STUDENT|CUSTOM|CHARTER|TICKET","东莞|广东|港澳","UNVERIFIED","LICENSE_NOT_VERIFIED|CONTACT_SOURCE_REVIEW","https://www.dg.gov.cn/","2026-08-15"
"东莞康辉","东莞康辉国际旅行社有限公司","dongguan-comfort","GBA_LOCAL","广东","东莞","https://www.cct.cn/","康辉品牌在东莞的本地经营主体候选，品牌关系与法人需单独确认。","67","DOMESTIC|OUTBOUND|LOCAL|CUSTOM|STUDENT|CHARTER","广东|港澳|全国","UNVERIFIED","BRAND_ENTITY_REVIEW|LICENSE_NOT_VERIFIED","https://www.cct.cn/","2026-08-15"
"东莞中旅","东莞市中国旅行社有限公司","dongguan-cts","GBA_LOCAL","广东","东莞","https://www.dg.gov.cn/","东莞本地综合旅行社候选，重点核查团队、港澳和包车资源。","65","DOMESTIC|OUTBOUND|LOCAL|MICE|CHARTER|HOTEL","广东|港澳|全国","UNVERIFIED","LICENSE_NOT_VERIFIED|CONTACT_SOURCE_REVIEW","https://www.dg.gov.cn/","2026-08-15"
"南湖国旅","广东南湖国际旅行社有限责任公司","nanhu-international-travel","GBA_LOCAL","广东","广州","https://www.gz.gov.cn/","广州本地旅行社候选，公开市场知名度较高，需核查当前经营主体与团队合作渠道。","70","DOMESTIC|OUTBOUND|LOCAL|CUSTOM|MICE|STUDY|CHARTER","广东|港澳|全国|东南亚","UNVERIFIED","LICENSE_NOT_VERIFIED|CONTACT_SOURCE_REVIEW","https://www.gz.gov.cn/","2026-08-15"
"广州携程旅行社","广州携程国际旅行社有限公司","guangzhou-ctrip-travel","GBA_LOCAL","广东","广州","https://vacations.ctrip.com/","携程品牌广州主体候选，重点核查是否接受同业渠道与团队定制。","63","DOMESTIC|OUTBOUND|CUSTOM|HOTEL|TICKET","广州|全国|亚洲","UNVERIFIED","BRAND_ENTITY_REVIEW|LICENSE_NOT_VERIFIED|B2B_CONSENT_REVIEW","https://vacations.ctrip.com/","2026-08-15"
"深圳海外国际旅行社","深圳市海外国际旅行社有限公司","shenzhen-overseas-travel","GBA_LOCAL","广东","深圳","https://www.sz.gov.cn/","深圳出境和团队业务候选，重点核查出境资质、签证及企业团服务。","72","DOMESTIC|OUTBOUND|INBOUND|CUSTOM|MICE|VISA|CHARTER","深圳|港澳|东南亚|日本韩国","UNVERIFIED","OUTBOUND_LICENSE_NOT_VERIFIED|LICENSE_NOT_VERIFIED","https://www.sz.gov.cn/","2026-08-15"
"深圳口岸中旅","深圳市口岸中国旅行社有限公司","shenzhen-port-cts","GBA_LOCAL","广东","深圳","https://www.sz.gov.cn/","深圳口岸及港澳线路候选，重点核查跨境团队、接送和地接资源。","70","DOMESTIC|LOCAL|INBOUND|CUSTOM|CHARTER|TRANSFER","深圳|香港|澳门|广东","UNVERIFIED","LICENSE_NOT_VERIFIED|CONTACT_SOURCE_REVIEW","https://www.sz.gov.cn/","2026-08-15"
"深圳国旅","深圳中国国际旅行社有限公司","shenzhen-cits","GBA_LOCAL","广东","深圳","https://www.sz.gov.cn/","深圳综合旅行社候选，重点核查国内、出境与商务团资源。","68","DOMESTIC|OUTBOUND|INBOUND|CUSTOM|MICE|VISA|HOTEL","深圳|全国|东南亚","UNVERIFIED","LICENSE_NOT_VERIFIED|CONTACT_SOURCE_REVIEW","https://www.sz.gov.cn/","2026-08-15"
"珠海拱北口岸中旅","珠海拱北口岸中国旅行社有限公司","zhuhai-gongbei-cts","GBA_LOCAL","广东","珠海","https://www.zhuhai.gov.cn/","珠海口岸及港澳旅游候选，重点核查跨境团队、接送机和澳门地接能力。","71","DOMESTIC|INBOUND|LOCAL|CUSTOM|CHARTER|TRANSFER","珠海|澳门|香港|广东","UNVERIFIED","LICENSE_NOT_VERIFIED|CONTACT_SOURCE_REVIEW","https://www.zhuhai.gov.cn/","2026-08-15"
"珠海君悦旅游","珠海市君悦国际旅行社有限公司","zhuhai-junyue-travel","GBA_LOCAL","广东","珠海","https://www.zhuhai.gov.cn/","珠海本地定制和周边游候选，适合核查小团、包车与港澳线路。","62","DOMESTIC|LOCAL|CUSTOM|STUDENT|CHARTER|TICKET","珠海|广东|港澳","UNVERIFIED","LICENSE_NOT_VERIFIED|CONTACT_SOURCE_REVIEW","https://www.zhuhai.gov.cn/","2026-08-15"
"南海中旅假日","佛山市南海中旅假日国际旅行社有限公司","foshan-nanhai-cts","GBA_LOCAL","广东","佛山","https://www.foshan.gov.cn/","佛山本地团队和周边游候选，重点核查学生团、企业团和省内短途。","64","DOMESTIC|LOCAL|STUDENT|MICE|CHARTER|TICKET","佛山|广东|港澳","UNVERIFIED","LICENSE_NOT_VERIFIED|CONTACT_SOURCE_REVIEW","https://www.foshan.gov.cn/","2026-08-15"
"惠州中旅","惠州市中国旅行社有限公司","huizhou-cts","GBA_LOCAL","广东","惠州","https://www.huizhou.gov.cn/","惠州本地旅行社候选，适合核查海滨周边游、包车和团队落地执行。","63","DOMESTIC|LOCAL|STUDENT|CUSTOM|CHARTER|HOTEL","惠州|广东|港澳","UNVERIFIED","LICENSE_NOT_VERIFIED|CONTACT_SOURCE_REVIEW","https://www.huizhou.gov.cn/","2026-08-15"
"中山国旅","中山中国国际旅行社有限公司","zhongshan-cits","GBA_LOCAL","广东","中山","https://www.zs.gov.cn/","中山本地综合旅行社候选，重点核查港澳、省内和企业团资源。","64","DOMESTIC|OUTBOUND|LOCAL|MICE|CUSTOM|CHARTER","中山|广东|港澳","UNVERIFIED","LICENSE_NOT_VERIFIED|CONTACT_SOURCE_REVIEW","https://www.zs.gov.cn/","2026-08-15"
"江门大方旅游","江门市大方旅游国际旅行社有限公司","jiangmen-dafang-travel","GBA_LOCAL","广东","江门","https://www.jiangmen.gov.cn/","江门本地旅行社候选，适合核查侨乡线路、团队包车和大湾区周边游。","62","DOMESTIC|LOCAL|CUSTOM|STUDENT|CHARTER|GUIDE","江门|广东|港澳","UNVERIFIED","LICENSE_NOT_VERIFIED|CONTACT_SOURCE_REVIEW","https://www.jiangmen.gov.cn/","2026-08-15"
"香港中旅","香港中国旅行社有限公司","hong-kong-cts","GBA_LOCAL","香港","香港","https://www.ctshk.com/","香港本地旅行服务品牌候选，重点核查内地团队接待、港澳线路和企业客户服务。","72","INBOUND|LOCAL|CUSTOM|MICE|CHARTER|GUIDE|TRANSFER","香港|广东|澳门","UNVERIFIED","LICENSE_NOT_VERIFIED|HK_LICENSE_REVIEW","https://www.ctshk.com/","2026-08-15"
"澳门中旅","澳门中国旅行社股份有限公司","macau-cts","GBA_LOCAL","澳门","澳门","https://www.cts.com.mo/","澳门本地旅行服务候选，重点核查内地团队、会奖、车辆和酒店资源。","72","INBOUND|LOCAL|CUSTOM|MICE|CHARTER|HOTEL|TRANSFER","澳门|香港|广东","UNVERIFIED","LICENSE_NOT_VERIFIED|MO_LICENSE_REVIEW","https://www.cts.com.mo/","2026-08-15"
"云南国旅","云南省国际旅行社有限公司","yunnan-international-travel","DESTINATION_DMC","云南","昆明","https://www.yn.gov.cn/","云南目的地接待候选，重点核查导游、车辆、酒店、门票及团队落地执行。","70","DMC|GUIDE|CHARTER|HOTEL|TICKET|MEALS|TRANSFER|EMERGENCY","云南|大理|丽江|西双版纳","UNVERIFIED","LICENSE_NOT_VERIFIED|CONTACT_SOURCE_REVIEW","https://www.yn.gov.cn/","2026-08-15"
"昆明康辉","昆明康辉旅行社有限公司","kunming-comfort-travel","DESTINATION_DMC","云南","昆明","https://www.cct.cn/","康辉品牌云南地接候选，需核查承接小团、研学和企业团的具体主体。","68","DMC|DOMESTIC|GUIDE|CHARTER|HOTEL|TICKET|STUDY","云南|大理|丽江","UNVERIFIED","BRAND_ENTITY_REVIEW|LICENSE_NOT_VERIFIED","https://www.cct.cn/","2026-08-15"
"海南康泰旅游","海南康泰旅游股份有限公司","hainan-kangtai-travel","DESTINATION_DMC","海南","海口","https://www.hainan.gov.cn/","海南目的地团队和地接候选，重点核查三亚酒店、车辆、门票和紧急协助。","70","DMC|DOMESTIC|GUIDE|CHARTER|HOTEL|TICKET|TRANSFER|EMERGENCY","海南|海口|三亚","UNVERIFIED","LICENSE_NOT_VERIFIED|CONTACT_SOURCE_REVIEW","https://www.hainan.gov.cn/","2026-08-15"
"成都青旅","成都中国青年旅行社有限公司","chengdu-youth-travel","DESTINATION_DMC","四川","成都","https://www.sc.gov.cn/","四川地接候选，重点核查九寨沟、稻城、川西车辆和高原应急能力。","71","DMC|DOMESTIC|GUIDE|CHARTER|HOTEL|TICKET|TRANSFER|EMERGENCY","四川|成都|九寨沟|川西","UNVERIFIED","LICENSE_NOT_VERIFIED|CONTACT_SOURCE_REVIEW","https://www.sc.gov.cn/","2026-08-15"
"西藏中旅","西藏中国旅行社集团有限公司","tibet-cts-group","DESTINATION_DMC","西藏","拉萨","https://www.xizang.gov.cn/","西藏目的地接待候选，重点核查高原车辆、导游、团队审批和应急服务。","69","DMC|DOMESTIC|GUIDE|CHARTER|HOTEL|TICKET|EMERGENCY","西藏|拉萨|林芝","UNVERIFIED","LICENSE_NOT_VERIFIED|HIGH_ALTITUDE_REVIEW","https://www.xizang.gov.cn/","2026-08-15"
"新疆中旅","新疆中国国际旅行社有限公司","xinjiang-cits","DESTINATION_DMC","新疆","乌鲁木齐","https://www.xinjiang.gov.cn/","新疆目的地地接候选，重点核查长线车辆、边境线路、酒店和应急协助。","69","DMC|DOMESTIC|GUIDE|CHARTER|HOTEL|TICKET|TRANSFER|EMERGENCY","新疆|乌鲁木齐|喀纳斯|伊犁","UNVERIFIED","LICENSE_NOT_VERIFIED|LONG_ROUTE_REVIEW","https://www.xinjiang.gov.cn/","2026-08-15"
"北京神舟国旅","北京神舟国际旅行社集团有限公司","beijing-shenzhou-travel","DESTINATION_DMC","北京","北京","https://www.beijing.gov.cn/","北京目的地服务候选，重点核查故宫、研学、团队交通和会奖接待。","72","DMC|DOMESTIC|INBOUND|GUIDE|CHARTER|HOTEL|TICKET|STUDY|MICE","北京|华北","UNVERIFIED","LICENSE_NOT_VERIFIED|CONTACT_SOURCE_REVIEW","https://www.beijing.gov.cn/","2026-08-15"
"上海锦江旅游","上海锦江旅游国际旅行社有限公司","shanghai-jinjiang-travel","DESTINATION_DMC","上海","上海","https://www.jinjiang.com/","上海城市接待候选，重点核查会奖、入境、酒店和交通组合资源。","70","DMC|INBOUND|DOMESTIC|GUIDE|HOTEL|MICE|TICKET|TRANSFER","上海|江浙沪","UNVERIFIED","BRAND_ENTITY_REVIEW|LICENSE_NOT_VERIFIED","https://www.jinjiang.com/","2026-08-15"
"重庆国旅","重庆中国国际旅行社有限责任公司","chongqing-cits","DESTINATION_DMC","重庆","重庆","https://www.cq.gov.cn/","重庆城市地接候选，重点核查山城交通、景区门票、导游和学生团。","70","DMC|DOMESTIC|GUIDE|CHARTER|HOTEL|TICKET|STUDENT|TRANSFER","重庆|武隆|长江三峡","UNVERIFIED","LICENSE_NOT_VERIFIED|CONTACT_SOURCE_REVIEW","https://www.cq.gov.cn/","2026-08-15"
"张家界国旅","张家界中国国际旅行社有限公司","zhangjiajie-cits","DESTINATION_DMC","湖南","张家界","https://www.hunan.gov.cn/","张家界景区地接候选，重点核查景区门票、车辆、导游和团队接待。","70","DMC|DOMESTIC|GUIDE|CHARTER|HOTEL|TICKET|MEALS|TRANSFER","张家界|湖南","UNVERIFIED","LICENSE_NOT_VERIFIED|SCENIC_TICKET_REVIEW","https://www.hunan.gov.cn/","2026-08-15"
"桂林国旅","桂林中国国际旅行社有限责任公司","guilin-cits","DESTINATION_DMC","广西","桂林","https://www.gxzf.gov.cn/","桂林漓江及阳朔地接候选，重点核查船票、车辆、酒店和小包团。","70","DMC|DOMESTIC|GUIDE|CHARTER|HOTEL|TICKET|MEALS|CUSTOM","桂林|阳朔|广西","UNVERIFIED","LICENSE_NOT_VERIFIED|SCENIC_TICKET_REVIEW","https://www.gxzf.gov.cn/","2026-08-15"
"厦门建发国旅","厦门建发国际旅行社集团有限公司","xiamen-c-and-d-travel","DESTINATION_DMC","福建","厦门","https://www.cnd.com.cn/","厦门及福建目的地服务候选，重点核查入境、会奖、酒店和团队交通。","73","DMC|INBOUND|DOMESTIC|GUIDE|CHARTER|HOTEL|TICKET|MICE","厦门|福建|武夷山","UNVERIFIED","BRAND_ENTITY_REVIEW|LICENSE_NOT_VERIFIED","https://www.cnd.com.cn/","2026-08-15"
"贵州中旅","贵州中国国际旅行社有限责任公司","guizhou-cits","DESTINATION_DMC","贵州","贵阳","https://www.guizhou.gov.cn/","贵州目的地接待候选，重点核查黄果树、荔波、西江和学生团执行。","69","DMC|DOMESTIC|GUIDE|CHARTER|HOTEL|TICKET|STUDENT|TRANSFER","贵州|贵阳|荔波|西江","UNVERIFIED","LICENSE_NOT_VERIFIED|SCENIC_TICKET_REVIEW","https://www.guizhou.gov.cn/","2026-08-15"
"香港永安旅游","永安旅游有限公司","hong-kong-wing-on-travel","DESTINATION_DMC","香港","香港","https://www.wingontravel.com/","香港出发旅行服务候选，重点核查内地团队接待和渠道合作边界。","65","OUTBOUND|INBOUND|LOCAL|CUSTOM|HOTEL|TICKET","香港|内地|东南亚|日本韩国","UNVERIFIED","HK_LICENSE_REVIEW|B2B_CONSENT_REVIEW","https://www.wingontravel.com/","2026-08-15"
"澳门青年旅舍旅游","澳门青年国际旅行社有限公司","macau-youth-international-travel","DESTINATION_DMC","澳门","澳门","https://www.macaotourism.gov.mo/","澳门本地小团及青年客群候选，主体、许可证和商务联系方式待核验。","57","INBOUND|LOCAL|CUSTOM|STUDENT|GUIDE|TRANSFER","澳门|珠海|香港","UNVERIFIED","MO_LICENSE_REVIEW|CONTACT_SOURCE_REVIEW|LICENSE_NOT_VERIFIED","https://www.macaotourism.gov.mo/","2026-08-15"
"Destination Asia Thailand","Destination Asia (Thailand) Co., Ltd.","destination-asia-thailand","OVERSEAS_DMC","","曼谷","https://www.destination-asia.com/destinations/thailand/","泰国入境地接候选，公开提供团队、定制、车辆、导游和活动安排。","74","DMC|INBOUND|CUSTOM|GUIDE|CHARTER|HOTEL|TICKET|TRANSFER|EMERGENCY","泰国|曼谷|清迈|普吉岛","UNVERIFIED","OVERSEAS_LICENSE_REVIEW|B2B_CONSENT_REVIEW","https://www.destination-asia.com/destinations/thailand/","2026-08-15"
"JTB Global Marketing & Travel","JTB Global Marketing & Travel Inc.","jtb-global-marketing-travel","OVERSEAS_DMC","","东京","https://www.jtbgmt.com/","日本入境地接候选，公开提供定制、团队、导游、交通和会奖服务。","77","DMC|INBOUND|CUSTOM|GUIDE|CHARTER|HOTEL|TICKET|MICE|TRANSFER","日本|东京|大阪|北海道","UNVERIFIED","OVERSEAS_LICENSE_REVIEW|B2B_CONSENT_REVIEW","https://www.jtbgmt.com/","2026-08-15"
"HanaTour ITC","HanaTour ITC Co., Ltd.","hanatour-itc-korea","OVERSEAS_DMC","","首尔","https://www.hanatourcompany.com/","韩国入境地接候选，公开提供团队、会奖、交通和导游服务。","72","DMC|INBOUND|CUSTOM|GUIDE|CHARTER|HOTEL|MICE|TRANSFER","韩国|首尔|釜山|济州","UNVERIFIED","OVERSEAS_LICENSE_REVIEW|B2B_CONSENT_REVIEW","https://www.hanatourcompany.com/","2026-08-15"
"Tour East Singapore","Tour East Singapore (1996) Pte Ltd","tour-east-singapore","OVERSEAS_DMC","","新加坡","https://www.toureast.com/","新加坡及东南亚入境地接候选，公开提供团队、车辆、门票和定制。","73","DMC|INBOUND|CUSTOM|GUIDE|CHARTER|HOTEL|TICKET|TRANSFER","新加坡|马来西亚|东南亚","UNVERIFIED","OVERSEAS_LICENSE_REVIEW|B2B_CONSENT_REVIEW","https://www.toureast.com/","2026-08-15"
"Asian Trails Malaysia","Asian Trails Malaysia Sdn. Bhd.","asian-trails-malaysia","OVERSEAS_DMC","","吉隆坡","https://www.asiantrails.travel/destinations/malaysia/","马来西亚地接候选，公开提供接送、导游、酒店、活动和团队服务。","72","DMC|INBOUND|CUSTOM|GUIDE|CHARTER|HOTEL|TICKET|TRANSFER","马来西亚|吉隆坡|槟城|沙巴","UNVERIFIED","OVERSEAS_LICENSE_REVIEW|B2B_CONSENT_REVIEW","https://www.asiantrails.travel/destinations/malaysia/","2026-08-15"
"EXO Travel Vietnam","EXO Travel Vietnam Co., Ltd.","exo-travel-vietnam","OVERSEAS_DMC","","河内","https://www.exotravel.com/destinations/vietnam/","越南入境地接候选，公开提供小包团、定制、导游、车辆和紧急协助。","75","DMC|INBOUND|CUSTOM|GUIDE|CHARTER|HOTEL|TICKET|TRANSFER|EMERGENCY","越南|河内|岘港|胡志明市","UNVERIFIED","OVERSEAS_LICENSE_REVIEW|B2B_CONSENT_REVIEW","https://www.exotravel.com/destinations/vietnam/","2026-08-15"
"Panorama Destination Indonesia","PT Panorama Destination","panorama-destination-indonesia","OVERSEAS_DMC","","雅加达","https://www.panorama-destination.com/","印度尼西亚入境地接候选，公开提供团队、酒店、交通和定制线路。","73","DMC|INBOUND|CUSTOM|GUIDE|CHARTER|HOTEL|TICKET|TRANSFER","印度尼西亚|巴厘岛|爪哇","UNVERIFIED","OVERSEAS_LICENSE_REVIEW|B2B_CONSENT_REVIEW","https://www.panorama-destination.com/","2026-08-15"
